rows,cols,preprocess,mean,stdev,median,exitcode
0,0,0,0.06421,0.00603,0.06086,0
8192,8192,0.24847,0.06996,0.00775,0.06878,0
