rows,cols,preprocess,mean,stdev,median,exitcode
0,0,0,0.03636,0.00897,0.03072,0
8192,8192,0.06897,0.04196,0.00788,0.03699,0
