rows,cols,preprocess,mean,stdev,median,exitcode
0,0,0,0.07878,0.01244,0.07151,0
8192,8192,0.28362,0.07510,0.00803,0.07018,0
