rows,cols,preprocess,mean,stdev,median,exitcode
0,0,0,0.11062,0.00513,0.10749,0
8192,8192,0.54332,0.10563,0.01009,0.09923,0
