rows,cols,preprocess,mean,stdev,median,exitcode
0,0,0,0.12397,0.00405,0.12255,0
8192,8192,0.70885,0.12152,0.00517,0.11821,0
