rows,cols,preprocess,mean,stdev,median,exitcode
0,0,0,0.11421,0.00526,0.11125,0
8192,8192,0.54197,0.10784,0.00544,0.10480,0
