rows,cols,preprocess,mean,stdev,median,exitcode
0,0,0,0.05067,0.00821,0.04609,0
8192,8192,0.13074,0.06589,0.00504,0.06252,0
