rows,cols,preprocess,mean,stdev,median,exitcode
0,0,0,0.06416,0.01097,0.05673,0
8192,8192,0.13967,0.07995,0.00352,0.07872,0
