rows,cols,preprocess,mean,stdev,median,exitcode
0,0,0,0.03820,0.01269,0.03032,0
8192,8192,0.11255,0.04461,0.00748,0.04107,0
