rows,cols,preprocess,mean,stdev,median,exitcode
0,0,0,0.05721,0.00715,0.05271,0
8192,8192,0.22677,0.05737,0.00878,0.05228,0
