rows,cols,preprocess,mean,stdev,median,exitcode
0,0,0,0.09441,0.00621,0.09224,0
8192,8192,0.47659,0.09647,0.00902,0.09062,0
