rows,cols,preprocess,mean,stdev,median,exitcode
0,0,0,0.08772,0.00407,0.08585,0
8192,8192,0.26196,0.08522,0.00679,0.08075,0
