rows,cols,preprocess,mean,stdev,median,exitcode
0,0,0,0.08743,0.00606,0.08407,0
8192,8192,0.25352,0.08932,0.00478,0.08633,0
