rows,cols,preprocess,mean,stdev,median,exitcode
0,0,0,0.07244,0.01130,0.06518,0
8192,8192,0.18875,0.07853,0.00707,0.07494,0
