rows,cols,preprocess,mean,stdev,median,exitcode
0,0,0,0.11213,0.00328,0.11003,0
8192,8192,0.54383,0.10866,0.00531,0.10501,0
