rows,cols,preprocess,mean,stdev,median,exitcode
0,0,0,0.34841,0.00287,0.34610,0
8192,8192,6.80588,0.36385,0.00856,0.35917,0
