rows,cols,preprocess,mean,stdev,median,exitcode
0,0,0,0.05977,0.00740,0.05962,0
8192,8192,0.20131,0.05815,0.01208,0.05063,0
