rows,cols,preprocess,mean,stdev,median,exitcode
0,0,0,0.05123,0.00700,0.04669,0
8192,8192,0.16068,0.05045,0.01034,0.04374,0
