rows,cols,preprocess,mean,stdev,median,exitcode
0,0,0,0.05724,0.01313,0.04802,0
8192,8192,0.12051,0.06124,0.00695,0.05710,0
