rows,cols,preprocess,mean,stdev,median,exitcode
0,0,0,0.05518,0.00703,0.05156,0
8192,8192,0.15270,0.05574,0.00676,0.05183,0
