rows,cols,preprocess,mean,stdev,median,exitcode
0,0,0,0.04006,0.01185,0.03261,0
8192,8192,0.11191,0.04302,0.00854,0.03768,0
