rows,cols,preprocess,mean,stdev,median,exitcode
0,0,0,0.05126,0.00881,0.04601,0
8192,8192,0.22639,0.05770,0.00933,0.05181,0
