rows,cols,preprocess,mean,stdev,median,exitcode
0,0,0,0.06397,0.00678,0.06018,0
8192,8192,0.24889,0.07070,0.00570,0.06732,0
