rows,cols,preprocess,mean,stdev,median,exitcode
0,0,0,0.06602,0.00942,0.06037,0
8192,8192,0.24809,0.06000,0.00831,0.05491,0
rows,cols,preprocess,mean,stdev,median,exitcode
0,0,0,0.06397,0.00678,0.06018,0
8192,8192,0.24889,0.07070,0.00570,0.06732,0
