rows,cols,preprocess,mean,stdev,median,exitcode
0,0,0,0.04404,0.00954,0.04043,0
8192,8192,0.06930,0.04020,0.01116,0.03272,0
