rows,cols,preprocess,mean,stdev,median,exitcode
0,0,0,0.40493,0.00641,0.40163,0
8192,8192,2.88117,0.89783,0.00434,0.89533,0
8192,16384,2.08776,0.61772,0.00221,0.61752,0
8192,32768,1.38177,0.40984,0.00591,0.40494,0
16384,8192,2.69022,0.89263,0.00344,0.89104,0
16384,16384,2.00508,0.62026,0.00287,0.61888,0
16384,32768,1.38761,0.40829,0.00632,0.40586,0
32768,8192,2.61102,0.89268,0.00444,0.89070,0
32768,16384,1.98197,0.62235,0.00373,0.61969,0
32768,32768,1.43312,0.41516,0.00684,0.41103,0
