rows,cols,preprocess,mean,stdev,median,exitcode
0,0,0,0.10164,0.00742,0.09850,0
8192,8192,0.47752,0.09516,0.00912,0.08947,0
