rows,cols,preprocess,mean,stdev,median,exitcode
0,0,0,0.23241,0.00840,0.22757,0
8192,8192,1.58338,0.37767,0.00338,0.37617,0
8192,16384,1.11135,0.18003,0.01125,0.17204,0
16384,8192,1.58167,0.37235,0.00557,0.36951,0
16384,16384,1.08990,0.24289,0.00383,0.24103,0
