rows,cols,preprocess,mean,stdev,median,exitcode
0,0,0,0.10095,0.00857,0.09611,0
8192,8192,0.47657,0.09590,0.00814,0.09024,0
rows,cols,preprocess,mean,stdev,median,exitcode
0,0,0,0.10164,0.00742,0.09850,0
8192,8192,0.47752,0.09516,0.00912,0.08947,0
