rows,cols,preprocess,mean,stdev,median,exitcode
0,0,0,0.08617,0.00536,0.08304,0
8192,8192,0.25205,0.09027,0.00496,0.08783,0
rows,cols,preprocess,mean,stdev,median,exitcode
0,0,0,0.08199,0.00611,0.07850,0
8192,8192,0.25174,0.08916,0.00478,0.08600,0
