rows,cols,preprocess,mean,stdev,median,exitcode
0,0,0,0.08199,0.00611,0.07850,0
8192,8192,0.25174,0.08916,0.00478,0.08600,0
