rows,cols,preprocess,mean,stdev,median,exitcode
0,0,0,0.38780,0.00737,0.38378,0
8192,8192,2.95893,0.99631,0.00183,0.99573,0
8192,16384,2.14826,0.70388,0.00248,0.70313,0
8192,32768,1.22357,0.41014,0.00704,0.40762,0
16384,8192,2.74955,0.98875,0.00471,0.98580,0
16384,16384,2.02236,0.69238,0.00323,0.69084,0
16384,32768,1.21352,0.41928,0.00388,0.41744,0
32768,8192,2.70245,0.99077,0.00352,0.98891,0
32768,16384,1.96839,0.69158,0.00460,0.68926,0
32768,32768,1.19202,0.41697,0.00499,0.41421,0
