rows,cols,preprocess,mean,stdev,median,exitcode
0,0,0,0.12171,0.00437,0.11931,0
8192,8192,0.70675,0.12126,0.00510,0.11797,0
