rows,cols,preprocess,mean,stdev,median,exitcode
0,0,0,0.16361,0.00436,0.16055,0
8192,8192,2.49793,0.44376,0.00408,0.44095,0
8192,16384,1.61989,0.20907,0.00532,0.20596,0
16384,8192,2.38845,0.44248,0.00377,0.44067,0
16384,16384,1.66372,0.17116,0.00230,0.16947,0
