rows,cols,preprocess,mean,stdev,median,exitcode
0,0,0,0.36683,0.00580,0.36450,0
8192,8192,7.93333,1.61097,0.00649,1.60930,0
8192,16384,5.91390,0.88581,0.00654,0.88304,0
8192,32768,3.96089,0.43424,0.00702,0.43016,0
16384,8192,7.33832,1.61114,0.00739,1.60715,0
16384,16384,5.69188,0.83431,0.00417,0.83156,0
16384,32768,3.90110,0.38822,0.00377,0.38725,0
32768,8192,7.18750,1.61181,0.00318,1.60984,0
32768,16384,5.50174,0.94903,0.00359,0.94717,0
32768,32768,3.92269,0.41757,0.00485,0.41612,0
