rows,cols,preprocess,mean,stdev,median,exitcode
0,0,0,0.07603,0.00889,0.07051,0
8192,8192,0.18885,0.07924,0.00712,0.07495,0
