rows,cols,preprocess,mean,stdev,median,exitcode
0,0,0,0.07715,0.01051,0.06952,0
8192,8192,0.19239,0.08786,0.00501,0.08674,0
rows,cols,preprocess,mean,stdev,median,exitcode
0,0,0,0.07603,0.00889,0.07051,0
8192,8192,0.18885,0.07924,0.00712,0.07495,0
