rows,cols,preprocess,mean,stdev,median,exitcode
0,0,0,0.08342,0.00868,0.08001,0
8192,8192,0.67593,0.08326,0.00965,0.07780,0
rows,cols,preprocess,mean,stdev,median,exitcode
0,0,0,0.12171,0.00437,0.11931,0
8192,8192,0.70675,0.12126,0.00510,0.11797,0
