rows,cols,preprocess,mean,stdev,median,exitcode
0,0,0,0.11124,0.00837,0.11036,0
8192,8192,0.54110,0.10873,0.00709,0.10463,0
