rows,cols,preprocess,mean,stdev,median,exitcode
0,0,0,0.11260,0.00590,0.10937,0
8192,8192,0.54348,0.10943,0.00545,0.10586,0
rows,cols,preprocess,mean,stdev,median,exitcode
0,0,0,0.11282,0.00579,0.11021,0
8192,8192,0.54265,0.10884,0.00579,0.10521,0
