rows,cols,preprocess,mean,stdev,median,exitcode
0,0,0,0.30888,0.00525,0.30597,0
8192,8192,1.47500,0.63449,0.00450,0.63205,0
8192,16384,1.04718,0.47312,0.00229,0.47201,0
8192,32768,0.56036,0.32945,0.00265,0.32767,0
16384,8192,1.39460,0.63082,0.00473,0.62928,0
16384,16384,0.98956,0.47382,0.00217,0.47362,0
16384,32768,0.55420,0.31875,0.00599,0.31410,0
32768,8192,1.35591,0.62731,0.00442,0.62476,0
32768,16384,0.96334,0.47581,0.00147,0.47537,0
32768,32768,0.53889,0.32101,0.00399,0.31947,0
