rows,cols,preprocess,mean,stdev,median,exitcode
0,0,0,0.14584,0.00548,0.14325,0
8192,8192,0.48296,0.23017,0.00413,0.22822,0
8192,16384,0.27029,0.14853,0.00722,0.14388,0
16384,8192,0.46768,0.22395,0.00934,0.21827,0
16384,16384,0.26165,0.14516,0.00889,0.13960,0
