rows,cols,preprocess,mean,stdev,median,exitcode
0,0,0,3.24725,0.16743,3.16577,0
8192,8192,71.45750,3.53062,0.11518,3.46109,0
8192,16384,61.40358,3.28631,0.16314,3.18495,0
8192,32768,54.71510,3.41242,0.17483,3.30134,0
16384,8192,68.04991,3.50072,0.15609,3.40435,0
16384,16384,58.62975,3.24797,0.17454,3.14312,0
16384,32768,53.86720,3.38855,0.19435,3.27006,0
32768,8192,84.02079,3.54639,0.18605,3.43149,0
32768,16384,76.27229,3.24704,0.18291,3.14606,0
32768,32768,76.09171,3.42111,0.20610,3.30452,0
