rows,cols,preprocess,mean,stdev,median,exitcode
0,0,0,0.34872,0.00401,0.34605,0
8192,8192,6.81960,0.36705,0.01124,0.36001,0
