rows,cols,preprocess,mean,stdev,median,exitcode
0,0,0,0.34824,0.00379,0.34609,0
8192,8192,6.81642,0.36536,0.01052,0.35957,0
rows,cols,preprocess,mean,stdev,median,exitcode
0,0,0,0.34872,0.00401,0.34605,0
8192,8192,6.81960,0.36705,0.01124,0.36001,0
