rows,cols,preprocess,mean,stdev,median,exitcode
0,0,0,0.13516,0.01014,0.12846,0
8192,8192,0.65513,0.22802,0.00560,0.22464,0
8192,16384,0.42424,0.15673,0.00297,0.15573,0
16384,8192,0.63209,0.22005,0.00194,0.21915,0
16384,16384,0.42795,0.15181,0.00254,0.15006,0
