rows,cols,preprocess,mean,stdev,median,exitcode
0,0,0,0.05007,0.01028,0.04438,0
8192,8192,0.20173,0.05018,0.00807,0.04537,0
