rows,cols,preprocess,mean,stdev,median,exitcode
0,0,0,0.30791,0.01379,0.29958,0
8192,8192,1.96221,0.69484,0.00225,0.69397,0
8192,16384,1.41617,0.47820,0.00253,0.47659,0
8192,32768,0.93430,0.31974,0.00525,0.31677,0
16384,8192,1.86177,0.68615,0.00451,0.68420,0
16384,16384,1.37048,0.47244,0.00502,0.47018,0
16384,32768,0.90727,0.32424,0.00429,0.32226,0
32768,8192,1.79936,0.68506,0.00145,0.68491,0
32768,16384,1.32606,0.46805,0.00305,0.46746,0
32768,32768,0.91682,0.32457,0.00409,0.32337,0
