rows,cols,preprocess,mean,stdev,median,exitcode
0,0,0,0.04476,0.01035,0.03916,0
8192,8192,0.15933,0.04839,0.00840,0.04335,0
