rows,cols,preprocess,mean,stdev,median,exitcode
0,0,0,0.05476,0.01140,0.04978,0
8192,8192,0.11970,0.06162,0.00626,0.05755,0
