rows,cols,preprocess,mean,stdev,median,exitcode
0,0,0,0.15958,0.00487,0.15685,0
8192,8192,0.53537,0.26029,0.00491,0.25702,0
8192,16384,0.29502,0.17210,0.00894,0.16641,0
16384,8192,0.51538,0.25556,0.00807,0.25180,0
16384,16384,0.28713,0.17389,0.00266,0.17225,0
