rows,cols,preprocess,mean,stdev,median,exitcode
0,0,0,0.05969,0.00582,0.05587,0
8192,8192,0.12060,0.06240,0.00540,0.05990,0
rows,cols,preprocess,mean,stdev,median,exitcode
0,0,0,0.05476,0.01140,0.04978,0
8192,8192,0.11970,0.06162,0.00626,0.05755,0
