rows,cols,preprocess,mean,stdev,median,exitcode
0,0,0,0.31488,0.00712,0.31073,0
8192,8192,1.41910,0.64134,0.00397,0.63979,0
8192,16384,0.97834,0.48528,0.00480,0.48237,0
8192,32768,0.52276,0.34588,0.00312,0.34509,0
16384,8192,1.32177,0.63735,0.00399,0.63573,0
16384,16384,0.90781,0.48573,0.00302,0.48451,0
16384,32768,0.50072,0.34726,0.00150,0.34623,0
32768,8192,1.28104,0.63411,0.00543,0.62975,0
32768,16384,0.87619,0.48583,0.00155,0.48460,0
32768,32768,0.49666,0.35216,0.00198,0.35151,0
