rows,cols,preprocess,mean,stdev,median,exitcode
0,0,0,0.05290,0.01208,0.04530,0
8192,8192,0.15245,0.05469,0.00750,0.05003,0
