filename,rows,cols,block_median,noblock_median,tensor_median
k17_0.899_0.521_0.437_0.484_c862.mtx,32,128,,3.20168,7.53983
k17_0.899_0.521_0.437_0.484_c862.mtx,32,16,,3.20168,7.22898
k17_0.899_0.521_0.437_0.484_c862.mtx,32,2,,3.20168,6.38065
k17_0.899_0.521_0.437_0.484_c862.mtx,32,256,,3.20168,7.79745
k17_0.899_0.521_0.437_0.484_c862.mtx,32,32,,3.20168,7.29659
k17_0.899_0.521_0.437_0.484_c862.mtx,32,4,,3.20168,6.71026
k17_0.899_0.521_0.437_0.484_c862.mtx,32,64,,3.20168,7.38458
k17_0.899_0.521_0.437_0.484_c862.mtx,32,8,,3.20168,7.12328
