rows,cols,preprocess,mean,stdev,median,exitcode
8192,262144,14.05693,2.81819,0.01175,2.81028,0
32768,262144,11.52302,2.89804,0.0102,2.89417,0
