rows,cols,preprocess,mean,stdev,median,exitcode
16384,32768,2.96281,0.43913,0.00817,0.43497,0
8192,32768,3.01467,0.4866,0.00493,0.48457,0
