rows,cols,preprocess,mean,stdev,median,exitcode
16384,32768,2.55189,0.41468,0.00752,0.40991,0
8192,32768,2.51933,0.45385,0.00602,0.44981,0
