rows,cols,preprocess,mean,stdev,median,exitcode
32768,131072,7.23797,1.66684,0.00329,1.66508,0
16384,131072,7.23324,1.72223,0.00491,1.72014,0
