rows,cols,preprocess,mean,stdev,median,exitcode
16384,32768,2.97397,0.42929,0.00684,0.42552,0
8192,32768,2.99818,0.4762,0.00706,0.47191,0
