rows,cols,preprocess,mean,stdev,median,exitcode
131072,262144,200.38274,20.85955,0.06084,20.82113,0
