rows,cols,preprocess,mean,stdev,median,exitcode
16384,16384,58.62975,3.24797,0.17454,3.14312,0
32768,16384,76.27229,3.24704,0.18291,3.14606,0
