rows,cols,preprocess,mean,stdev,median,exitcode
16384,131072,6.01238,1.47725,0.00561,1.47215,0
8192,131072,6.51764,1.5164,0.00347,1.51483,0
