rows,cols,preprocess,mean,stdev,median,exitcode
16384,32768,2.94419,0.42842,0.00609,0.42492,0
8192,32768,2.97619,0.48042,0.00752,0.47497,0
